"RK",TIERS,"PLAYER NAME",TEAM,"POS","BEST","WORST","AVG.","STD.DEV"
"1",1,"Christian McCaffrey",CAR,"RB1","1","3","1.1","0.3"
"2",1,"Dalvin Cook",MIN,"RB2","1","6","2.3","0.8"
"3",1,"Alvin Kamara",NO,"RB3","2","22","4.2","2.3"
"4",1,"Saquon Barkley",NYG,"RB4","2","34","6.0","3.4"
"5",2,"Derrick Henry",TEN,"RB5","1","27","6.4","4.5"
"6",2,"Ezekiel Elliott",DAL,"RB6","3","53","8.2","4.7"
"7",2,"Tyreek Hill",KC,"WR1","5","18","8.9","2.2"
"8",2,"Davante Adams",GB,"WR2","5","49","9.6","4.1"
"9",2,"Stefon Diggs",BUF,"WR3","5","24","9.7","3.3"
"10",2,"Austin Ekeler",LAC,"RB7","4","31","9.9","5.8"
"11",2,"Jonathan Taylor",IND,"RB8","3","34","12.1","6.1"
"12",2,"DeAndre Hopkins",ARI,"WR4","5","35","12.6","3.2"
"13",3,"Calvin Ridley",ATL,"WR5","5","39","14.2","3.7"
"14",3,"Aaron Jones",GB,"RB9","4","84","15.2","7.6"
"15",3,"Travis Kelce",KC,"TE1","5","26","16.2","2.9"
"16",3,"Justin Jefferson",MIN,"WR6","5","35","19.4","5.6"
"17",3,"Nick Chubb",CLE,"RB10","5","40","19.9","6.0"
"18",3,"D.K. Metcalf",SEA,"WR7","5","39","20.7","5.3"
"19",3,"Darren Waller",LV,"TE2","13","29","21.2","4.1"
"20",4,"Michael Thomas",NO,"WR8","11","37","21.8","6.8"
"21",4,"A.J. Brown",TEN,"WR9","9","56","22.3","6.6"
"22",4,"Keenan Allen",LAC,"WR10","12","46","22.8","5.5"
"23",4,"Antonio Gibson",WAS,"RB11","6","42","23.4","7.3"
"24",4,"Joe Mixon",CIN,"RB12","7","64","23.6","9.2"
"25",4,"George Kittle",SF,"TE3","14","46","24.6","7.3"
"26",4,"Cam Akers",LAR,"RB13","3","47","24.8","9.2"
"27",4,"Patrick Mahomes II",KC,"QB1","18","56","25.6","11.4"
"28",4,"Allen Robinson II",CHI,"WR11","15","38","26.7","4.2"
"29",4,"Terry McLaurin",WAS,"WR12","15","39","28.4","3.9"
"30",4,"Clyde Edwards-Helaire",KC,"RB14","8","60","31.2","8.4"
"31",5,"Najee Harris",PIT,"RB15","6","274","29.7","29.3"
"32",5,"Amari Cooper",DAL,"WR13","21","64","34.7","4.3"
"33",5,"D'Andre Swift",DET,"RB16","8","112","35.0","10.2"
"34",5,"Robert Woods",LAR,"WR14","16","73","36.1","5.0"
"35",5,"CeeDee Lamb",DAL,"WR15","12","65","36.4","7.1"
"36",5,"Chris Godwin",TB,"WR16","25","72","37.5","5.9"
"37",5,"Mike Evans",TB,"WR17","22","65","39.9","6.3"
"38",5,"Julio Jones",TEN,"WR18","24","118","40.0","8.9"
"39",5,"Chris Carson",SEA,"RB17","21","60","40.5","7.0"
"40",5,"Josh Allen",BUF,"QB2","19","64","42.9","10.2"
"41",5,"D.J. Moore",CAR,"WR19","30","98","43.0","8.0"
"42",5,"J.K. Dobbins",BAL,"RB18","20","69","43.3","9.0"
"43",5,"Miles Sanders",PHI,"RB19","23","71","43.9","8.4"
"44",5,"Diontae Johnson",PIT,"WR20","29","109","43.9","8.2"
"45",5,"David Montgomery",CHI,"RB20","26","67","44.0","7.8"
"46",5,"Cooper Kupp",LAR,"WR21","29","62","44.0","6.3"
"47",6,"Tyler Lockett",SEA,"WR22","33","86","50.0","7.9"
"48",6,"Adam Thielen",MIN,"WR23","32","101","52.3","11.6"
"49",6,"T.J. Hockenson",DET,"TE4","26","127","52.7","9.4"
"50",6,"Myles Gaskin",MIA,"RB21","30","115","52.9","9.0"
"51",6,"Josh Jacobs",LV,"RB22","23","85","53.4","8.2"
"52",6,"Lamar Jackson",BAL,"QB3","19","97","53.6","12.1"
"53",6,"Kenny Golladay",NYG,"WR24","30","129","54.0","10.3"
"54",6,"Kyler Murray",ARI,"QB4","19","95","54.2","7.7"
"55",6,"Mike Davis",ATL,"RB23","28","257","55.0","13.6"
"56",6,"Mark Andrews",BAL,"TE5","26","106","55.6","7.7"
"57",6,"Dak Prescott",DAL,"QB5","19","91","57.9","8.8"
"58",6,"Kyle Pitts",ATL,"TE6","17","108","59.3","17.5"
"59",6,"Tee Higgins",CIN,"WR25","29","88","59.7","9.9"
"60",6,"Travis Etienne",JAC,"RB24","10","259","59.8","25.4"
"61",6,"Kareem Hunt",CLE,"RB25","42","85","60.2","8.9"
"62",6,"Brandon Aiyuk",SF,"WR26","37","90","60.8","10.7"
"63",6,"JuJu Smith-Schuster",PIT,"WR27","48","136","65.7","13.3"
"64",6,"Courtland Sutton",DEN,"WR28","20","147","68.3","10.9"
"65",6,"Odell Beckham Jr.",CLE,"WR29","45","107","68.5","11.3"
"66",7,"Russell Wilson",SEA,"QB6","54","114","69.7","6.4"
"67",7,"Chase Edmonds",ARI,"RB26","24","122","70.2","14.8"
"68",7,"Ja'Marr Chase",CIN,"WR30","12","226","63.1","22.6"
"69",7,"D.J. Chark Jr.",JAC,"WR31","45","111","72.4","11.2"
"70",7,"Chase Claypool",PIT,"WR32","41","99","72.8","9.3"
"71",7,"Robby Anderson",CAR,"WR33","33","149","73.2","11.2"
"72",7,"Justin Herbert",LAC,"QB7","54","117","75.7","9.8"
"73",7,"Tyler Boyd",CIN,"WR34","49","137","76.3","11.0"
"74",7,"Dallas Goedert",PHI,"TE7","53","173","77.3","15.8"
"75",7,"Javonte Williams",DEN,"RB27","22","150","76.8","19.8"
"76",7,"Deebo Samuel",SF,"WR35","38","148","82.0","11.5"
"77",7,"Aaron Rodgers",GB,"QB8","53","110","82.0","12.1"
"78",7,"Jerry Jeudy",DEN,"WR36","35","139","83.3","13.1"
"79",7,"Noah Fant",DEN,"TE8","24","127","83.7","13.5"
"80",7,"Raheem Mostert",SF,"RB28","57","143","83.7","13.1"
"81",7,"Will Fuller V",MIA,"WR37","55","226","86.0","18.9"
"82",7,"James Robinson",JAC,"RB29","44","134","86.0","17.1"
"83",7,"Brandin Cooks",HOU,"WR38","37","178","86.1","14.8"
"84",7,"Melvin Gordon III",DEN,"RB30","45","168","86.9","18.9"
"85",7,"Jalen Hurts",PHI,"QB9","55","254","88.6","19.7"
"86",7,"Logan Thomas",WAS,"TE9","46","153","90.6","19.2"
"87",7,"Curtis Samuel",WAS,"WR39","39","240","91.2","16.2"
"88",7,"Damien Harris",NE,"RB31","52","144","91.6","17.2"
"89",7,"Jarvis Landry",CLE,"WR40","58","155","92.2","11.0"
"90",8,"Tom Brady",TB,"QB10","61","118","92.7","10.5"
"91",8,"DeVonta Smith",PHI,"WR41","48","270","93.0","29.2"
"92",8,"Ryan Tannehill",TEN,"QB11","70","154","93.2","10.9"
"93",8,"David Johnson",HOU,"RB32","52","144","94.5","18.3"
"94",8,"Ronald Jones II",TB,"RB33","57","170","94.8","17.4"
"95",8,"Leonard Fournette",TB,"RB34","57","149","96.2","17.0"
"96",8,"Michael Carter",NYJ,"RB35","52","168","93.5","22.6"
"97",8,"Laviska Shenault Jr.",JAC,"WR42","64","203","100.7","18.3"
"98",8,"Matthew Stafford",LAR,"QB12","68","150","101.2","12.3"
"99",8,"Joe Burrow",CIN,"QB13","38","118","102.7","8.8"
"100",8,"Corey Davis",NYJ,"WR43","50","147","102.9","17.0"
"101",8,"Trey Sermon",SF,"RB36","52","170","100.3","26.2"
"102",8,"Zack Moss",BUF,"RB37","66","168","103.9","18.0"
"103",8,"Kenyan Drake",LV,"RB38","52","260","105.3","15.2"
"104",8,"James Conner",ARI,"RB39","59","206","105.6","19.3"
"105",8,"Antonio Brown",TB,"WR44","45","184","103.8","22.2"
"106",8,"Robert Tonyan",GB,"TE10","53","139","107.2","18.5"
"107",8,"Nyheim Hines",IND,"RB40","71","181","108.7","16.3"
"108",8,"DeVante Parker",MIA,"WR45","74","168","108.8","17.9"
"109",8,"Michael Gallup",DAL,"WR46","74","184","111.0","17.9"
"110",8,"Tyler Higbee",LAR,"TE11","69","193","111.9","21.7"
"111",8,"Mike Gesicki",MIA,"TE12","69","163","112.3","18.1"
"112",8,"Michael Pittman Jr.",IND,"WR47","58","175","113.3","20.7"
"113",8,"Marquise Brown",BAL,"WR48","81","220","114.9","23.4"
"114",8,"Mike Williams",LAC,"WR49","48","198","116.4","21.3"
"115",8,"Jamaal Williams",DET,"RB41","59","176","117.9","15.1"
"116",9,"Irv Smith Jr.",MIN,"TE13","83","191","121.7","17.6"
"117",9,"Devin Singletary",BUF,"RB42","80","185","122.2","15.3"
"118",9,"Marvin Jones Jr.",JAC,"WR50","61","213","122.6","22.3"
"119",9,"Matt Ryan",ATL,"QB14","87","197","123.9","18.7"
"120",9,"Trevor Lawrence",JAC,"QB15","77","348","124.1","28.0"
"121",9,"Tony Pollard",DAL,"RB43","76","201","124.3","18.3"
"122",9,"Evan Engram",NYG,"TE14","26","255","126.1","22.8"
"123",9,"Jaylen Waddle",MIA,"WR51","41","270","123.8","28.8"
"124",9,"Kirk Cousins",MIN,"QB16","103","199","127.3","20.1"
"125",9,"AJ Dillon",GB,"RB44","85","170","128.4","15.1"
"126",9,"Tarik Cohen",CHI,"RB45","84","227","129.4","28.9"
"127",9,"Jonnu Smith",NE,"TE15","69","215","129.6","23.0"
"128",9,"Gus Edwards",BAL,"RB46","84","217","130.1","16.0"
"129",9,"Latavius Murray",NO,"RB47","98","181","131.1","12.4"
"130",9,"Darnell Mooney",CHI,"WR52","73","222","132.5","21.9"
"131",9,"J.D. McKissic",WAS,"RB48","85","187","136.8","21.6"
"132",9,"T.Y. Hilton",IND,"WR53","81","222","138.2","23.5"
"133",9,"Darrell Henderson",LAR,"RB49","80","191","138.9","17.5"
"134",9,"Cole Beasley",BUF,"WR54","83","247","139.9","27.1"
"135",9,"Hunter Henry",NE,"TE16","63","246","141.3","24.7"
"136",9,"Baker Mayfield",CLE,"QB17","114","210","141.6","23.5"
"137",9,"Ryan Fitzpatrick",WAS,"QB18","105","320","144.4","31.3"
"138",9,"James White",NE,"RB50","93","265","145.2","24.2"
"139",9,"Phillip Lindsay",HOU,"RB51","104","277","146.2","21.9"
"140",9,"Carson Wentz",IND,"QB19","91","238","141.9","24.7"
"141",9,"Cole Kmet",CHI,"TE17","78","260","146.8","19.9"
"142",9,"Jalen Reagor",PHI,"WR55","99","216","152.5","22.2"
"143",9,"Rob Gronkowski",TB,"TE18","100","273","152.7","28.9"
"144",9,"Tua Tagovailoa",MIA,"QB20","105","283","153.0","33.4"
"145",9,"Blake Jarwin",DAL,"TE19","92","255","154.4","31.5"
"146",9,"Mecole Hardman",KC,"WR56","81","214","156.0","24.5"
"147",10,"Daniel Jones",NYG,"QB21","105","275","153.0","29.4"
"148",10,"Henry Ruggs III",LV,"WR57","79","220","158.6","25.2"
"149",10,"Russell Gage",ATL,"WR58","73","279","159.3","43.2"
"150",10,"Nelson Agholor",NE,"WR59","102","268","159.7","29.4"
"151",10,"Sterling Shepard",NYG,"WR60","99","317","160.1","36.3"
"152",10,"Austin Hooper",CLE,"TE20","79","267","160.8","29.0"
"153",10,"John Brown",LV,"WR61","111","296","160.9","27.1"
"154",10,"Alexander Mattison",MIN,"RB52","98","329","161.8","22.7"
"155",10,"Jamison Crowder",NYJ,"WR62","97","285","163.4","35.1"
"156",10,"Ben Roethlisberger",PIT,"QB22","114","212","159.5","19.7"
"157",10,"Pittsburgh Steelers",PIT,"DST1","137","234","146.5","14.5"
"158",10,"Los Angeles Rams",LAR,"DST2","140","295","150.8","19.7"
"159",10,"Rashod Bateman",BAL,"WR63","72","373","168.9","47.4"
"160",10,"Baltimore Ravens",BAL,"DST3","129","201","155.9","10.3"
"161",10,"Rashaad Penny",SEA,"RB53","59","274","173.9","24.4"
"162",10,"Tevin Coleman",NYJ,"RB54","83","264","169.3","29.8"
"163",10,"Adam Trautman",NO,"TE21","94","299","167.2","44.3"
"164",10,"Gerald Everett",SEA,"TE22","78","263","171.7","34.6"
"165",10,"Derek Carr",LV,"QB23","116","275","171.9","29.6"
"166",10,"Elijah Moore",NYJ,"WR64","82","328","167.6","46.7"
"167",10,"Christian Kirk",ARI,"WR65","109","240","179.3","25.3"
"168",10,"Parris Campbell",IND,"WR66","64","286","178.2","31.6"
"169",10,"Giovani Bernard",TB,"RB55","80","331","173.5","31.9"
"170",10,"Gabriel Davis",BUF,"WR67","75","298","181.3","33.1"
"171",10,"Justin Fields",CHI,"QB24","95","358","179.3","51.3"
"172",10,"Zach Ertz",PHI,"TE23","53","299","181.1","34.1"
"173",10,"Eric Ebron",PIT,"TE24","106","258","184.2","28.6"
"174",10,"Anthony Firkser",TEN,"TE25","92","352","176.8","40.6"
"175",10,"Jared Cook",LAC,"TE26","96","258","184.0","38.7"
"176",10,"Indianapolis Colts",IND,"DST4","152","264","170.1","18.5"
"177",10,"Justin Tucker",BAL,"K1","118","218","173.8","8.5"
"178",10,"San Francisco 49ers",SF,"DST5","119","225","172.7","17.5"
"179",10,"Tampa Bay Buccaneers",TB,"DST6","140","246","176.8","24.2"
"180",10,"Salvon Ahmed",MIA,"RB56","120","283","186.7","25.1"
"181",10,"Washington Football Team",WAS,"DST7","140","279","172.2","29.3"
"182",10,"Sam Darnold",CAR,"QB25","105","284","188.6","35.0"
"183",10,"Younghoe Koo",ATL,"K2","165","287","185.0","15.3"
"184",10,"Jakobi Meyers",NE,"WR68","124","271","194.3","33.4"
"185",10,"Harrison Butker",KC,"K3","127","276","183.2","13.2"
"186",10,"Breshad Perriman",DET,"WR69","124","286","192.3","27.3"
"187",11,"Emmanuel Sanders",BUF,"WR70","106","332","196.8","28.4"
"188",11,"Allen Lazard",GB,"WR71","111","304","202.0","28.0"
"189",11,"Kenneth Gainwell",PHI,"RB57","110","357","193.4","44.1"
"190",11,"Rondale Moore",ARI,"WR72","102","357","197.1","45.3"
"191",11,"Denzel Mims",NYJ,"WR73","122","347","197.9","32.5"
"192",11,"Darius Slayton",NYG,"WR74","122","345","199.0","31.6"
"193",11,"Buffalo Bills",BUF,"DST8","145","245","190.1","18.7"
"194",11,"Trey Lance",SF,"QB26","103","362","204.3","69.3"
"195",11,"New England Patriots",NE,"DST9","142","307","192.2","21.2"
"196",11,"Zach Wilson",NYJ,"QB27","118","367","206.8","46.6"
"197",11,"Tre'Quan Smith",NO,"WR75","102","290","206.5","37.2"
"198",11,"Kansas City Chiefs",KC,"DST10","140","296","195.7","23.8"
"199",11,"New Orleans Saints",NO,"DST11","159","248","193.4","20.6"
"200",11,"Jameis Winston",NO,"QB28","105","387","207.1","59.8"
"201",11,"Greg Zuerlein",DAL,"K4","136","251","198.4","12.5"
"202",11,"Sony Michel",NE,"RB58","146","384","205.0","37.0"
"203",11,"Marlon Mack",IND,"RB59","110","364","199.7","43.7"
"204",11,"Darrel Williams",KC,"RB60","130","354","208.8","47.9"
"205",11,"Wil Lutz",NO,"K5","141","281","208.5","18.1"
"206",11,"A.J. Green",ARI,"WR76","62","339","212.2","30.2"
"207",11,"Jared Goff",DET,"QB29","150","316","220.9","38.5"
"208",11,"Darrynton Evans",TEN,"RB61","126","329","213.3","42.9"
"209",11,"Jason Sanders",MIA,"K6","179","233","211.3","11.2"
"210",11,"Hayden Hurst",ATL,"TE27","121","319","212.9","40.3"
"211",11,"Cam Newton",NE,"QB30","68","354","226.3","56.9"
"212",11,"Damien Williams",CHI,"RB62","116","354","221.2","45.5"
"213",11,"Amon-Ra St. Brown",DET,"WR77","111","362","219.2","42.4"
"214",11,"Chicago Bears",CHI,"DST12","152","289","217.4","19.2"
"215",11,"Los Angeles Chargers",LAC,"DST13","159","347","219.6","20.3"
"216",11,"Bryan Edwards",LV,"WR78","102","384","225.9","35.8"
"217",11,"Justin Jackson",LAC,"RB63","128","312","224.3","38.5"
"218",11,"Miami Dolphins",MIA,"DST14","145","340","216.2","31.8"
"219",11,"Matt Prater",ARI,"K7","179","302","225.7","15.2"
"220",11,"Marquez Valdes-Scantling",GB,"WR79","174","301","229.9","23.3"
"221",11,"Rodrigo Blankenship",IND,"K8","171","309","225.1","21.4"
"222",11,"Sammy Watkins",BAL,"WR80","127","340","227.0","26.6"
"223",11,"Denver Broncos",DEN,"DST15","166","303","226.6","17.4"
"224",11,"Benny Snell Jr.",PIT,"RB64","144","368","222.8","45.1"
"225",11,"Josh Reynolds",TEN,"WR81","146","298","229.1","31.0"
"226",11,"Chuba Hubbard",CAR,"RB65","134","365","230.0","49.8"
"227",11,"Robbie Gould",SF,"K9","162","302","230.4","14.7"
"228",12,"Cleveland Browns",CLE,"DST16","164","314","233.0","30.5"
"229",12,"Tyler Bass",BUF,"K10","159","332","235.8","33.7"
"230",12,"Terrace Marshall Jr.",CAR,"WR82","101","342","230.1","40.1"
"231",12,"Joshua Kelley",LAC,"RB66","138","343","231.0","37.4"
"232",12,"Carlos Hyde",JAC,"RB67","146","362","227.1","40.9"
"233",12,"Jason Myers",SEA,"K11","189","302","237.7","12.1"
"234",12,"Mark Ingram II",HOU,"RB68","146","361","228.9","42.9"
"235",12,"Dawson Knox",BUF,"TE28","142","363","243.1","30.0"
"236",12,"Ryan Succop",TB,"K12","179","289","238.6","21.9"
"237",12,"Boston Scott",PHI,"RB69","125","322","225.3","40.1"
"238",12,"Seattle Seahawks",SEA,"DST17","159","303","240.2","19.1"
"239",12,"O.J. Howard",TB,"TE29","129","319","240.4","29.1"
"240",12,"Malcolm Brown",MIA,"RB70","119","313","236.9","38.3"
"241",12,"Kadarius Toney",NYG,"WR83","109","343","237.8","39.8"
"242",12,"Jerick McKinnon",KC,"RB71","170","345","241.6","38.6"
"243",12,"Green Bay Packers",GB,"DST18","211","310","242.5","18.9"
"244",12,"KJ Hamler",DEN,"WR84","183","304","243.5","24.8"
"245",12,"Michael Badgley",LAC,"K13","215","309","247.9","13.3"
"246",12,"Chris Herndon IV",NYJ,"TE30","173","344","246.3","29.8"
"247",12,"Randall Cobb",HOU,"WR85","126","311","239.0","32.6"
"248",12,"Minnesota Vikings",MIN,"DST19","164","318","248.2","19.1"
"249",12,"Tim Patrick",DEN,"WR86","157","339","243.3","31.2"
"250",12,"Hunter Renfrow",LV,"WR87","148","315","247.3","27.7"
"251",12,"Tyrell Williams",DET,"WR88","99","376","238.5","50.9"
"252",12,"Anthony Miller",CHI,"WR89","157","364","241.4","34.0"
"253",12,"Mason Crosby",GB,"K14","179","308","253.2","14.1"
"254",12,"Van Jefferson",LAR,"WR90","86","317","246.9","29.2"
"255",12,"Philadelphia Eagles",PHI,"DST20","165","322","254.0","24.8"
"256",12,"Dan Arnold",CAR,"TE31","127","344","253.2","40.2"
"257",12,"La'Mical Perine",NYJ,"RB72","148","348","248.0","38.8"
"258",12,"DeSean Jackson",LAR,"WR91","155","367","253.3","31.1"
"259",12,"Rhamondre Stevenson",NE,"RB73","123","370","245.5","53.5"
"260",12,"Jeff Wilson Jr.",SF,"RB74","146","382","241.9","53.5"
"261",12,"James Washington",PIT,"WR92","201","365","253.4","31.2"
"262",12,"Deshaun Watson",HOU,"QB31","61","361","242.1","75.7"
"263",12,"Daniel Carlson",LV,"K15","190","309","263.5","23.6"
"264",12,"Jake Elliott",PHI,"K16","213","342","265.9","25.1"
"265",12,"Amari Rodgers",GB,"WR93","157","372","253.6","41.0"
"266",12,"Taysom Hill",NO,"QB32","76","355","274.2","55.5"
"267",12,"Kerryon Johnson",PHI,"RB75","144","362","258.2","36.2"
"268",12,"Jack Doyle",IND,"TE32","114","357","261.7","28.9"
"269",12,"Brandon McManus",DEN,"K17","221","292","272.2","17.1"
"270",12,"Joey Slye",CAR,"K18","215","324","275.1","19.0"
"271",12,"Wayne Gallman",SF,"RB76","151","364","263.9","43.4"
"272",12,"Javian Hawkins",ATL,"RB77","134","363","257.9","49.0"
"273",12,"Preston Williams",MIA,"WR94","189","370","258.0","36.0"
"274",12,"Matt Breida",BUF,"RB78","168","363","262.1","35.7"
"275",12,"Tennessee Titans",TEN,"DST21","166","318","275.1","21.1"
"276",12,"Anthony McFarland Jr.",PIT,"RB79","182","349","267.7","35.9"
"277",12,"Keke Coutee",HOU,"WR95","169","357","271.8","28.9"
"278",13,"Ka'imi Fairbairn",HOU,"K19","183","339","276.2","32.4"
"279",13,"Rashard Higgins",CLE,"WR96","137","348","270.9","29.8"
"280",13,"Chris Boswell",PIT,"K20","197","326","284.8","16.1"
"281",13,"Jimmy Graham",CHI,"TE33","116","378","276.9","32.0"
"282",13,"Kendrick Bourne",NE,"WR97","203","372","278.9","38.1"
"283",13,"Teddy Bridgewater",DEN,"QB33","167","356","291.6","45.2"
"284",13,"Ty Johnson",NYJ,"RB80","170","373","274.0","49.6"
"285",13,"New York Giants",NYG,"DST22","166","342","281.1","23.4"
"286",13,"Devontae Booker",NYG,"RB81","140","359","270.6","53.4"
"287",13,"Quintez Cephus",DET,"WR98","154","373","279.0","37.9"
"288",13,"Ke'Shawn Vaughn",TB,"RB82","149","377","271.9","49.2"
"289",13,"Dustin Hopkins",WAS,"K21","216","332","294.4","22.1"
"290",13,"Arizona Cardinals",ARI,"DST23","176","330","290.5","26.6"
"291",13,"Josh Lambo",JAC,"K22","179","332","293.2","19.0"
"292",13,"New York Jets",NYJ,"DST24","200","347","290.7","18.1"
"293",13,"N'Keal Harry",NE,"WR99","203","358","277.0","34.5"
"294",13,"Nico Collins",HOU,"WR100","169","375","274.0","48.8"
"295",13,"Jimmy Garoppolo",SF,"QB34","158","377","298.5","44.7"
"296",13,"Zach Pascal",IND,"WR101","146","390","285.5","29.7"
"297",13,"Matt Gay",LAR,"K23","198","342","274.3","36.8"
"298",13,"Dallas Cowboys",DAL,"DST25","195","327","298.8","24.3"
"299",13,"Kyle Rudolph",NYG,"TE34","182","368","285.1","27.0"
"300",13,"Tyron Johnson",LAC,"WR102","113","364","291.7","31.1"
"301",13,"Drew Lock",DEN,"QB35","162","385","308.4","42.6"
"302",13,"Travis Fulgham",PHI,"WR103","189","363","297.0","30.7"
"303",13,"Samaje Perine",CIN,"RB83","141","375","269.7","64.5"
"304",13,"Jacksonville Jaguars",JAC,"DST26","164","332","312.1","17.0"
"305",13,"Le'Veon Bell",FA,"RB84","104","361","280.1","51.0"
"306",13,"Scotty Miller",TB,"WR104","186","378","295.0","33.2"
"307",13,"Todd Gurley II",FA,"RB85","120","359","279.6","48.1"
"308",13,"Ian Thomas",CAR,"TE35","209","376","290.7","28.7"
"309",13,"Keelan Cole Sr.",NYJ,"WR105","129","389","297.7","39.8"
"310",13,"Graham Gano",NYG,"K24","192","339","302.9","21.4"
"311",13,"Zane Gonzalez",FA,"K25","214","332","260.5","41.4"
"312",13,"Stephen Gostkowski",TEN,"K26","221","342","304.5","16.9"
"313",13,"D'Wayne Eskridge",SEA,"WR106","111","395","277.6","56.5"
"314",13,"Austin Seibert",CIN,"K27","213","351","310.2","18.1"
"315",13,"Tyrod Taylor",HOU,"QB36","158","385","305.7","49.1"
"316",13,"Atlanta Falcons",ATL,"DST27","145","345","318.7","14.9"
"317",13,"Jalen Richard",LV,"RB86","186","357","298.7","30.3"
"318",13,"Rex Burkhead",HOU,"RB87","181","382","302.8","26.6"
"319",13,"DeeJay Dallas",SEA,"RB88","196","386","307.4","33.4"
"320",13,"Donovan Peoples-Jones",CLE,"WR107","214","378","307.5","29.7"
"321",13,"Greg Ward",PHI,"WR108","198","375","311.6","29.7"
"322",13,"Andy Isabella",ARI,"WR109","244","379","308.5","27.2"
"323",13,"Ito Smith",ATL,"RB89","187","386","306.4","36.6"
"324",13,"Dalton Schultz",DAL,"TE36","92","354","282.7","48.4"
"325",13,"Mac Jones",NE,"QB37","220","385","318.7","29.9"
"326",13,"Duke Johnson Jr.",FA,"RB90","143","385","308.5","38.6"
"327",13,"Carolina Panthers",CAR,"DST28","165","344","310.5","20.9"
"328",13,"Mo Alie-Cox",IND,"TE37","137","369","268.1","55.0"
"329",13,"Dyami Brown",WAS,"WR110","151","383","287.9","58.7"
"330",13,"Jordan Howard",PHI,"RB91","217","375","309.4","33.0"
"331",14,"Jordan Akins",HOU,"TE38","123","357","279.9","45.1"
"332",14,"Cairo Santos",CHI,"K28","221","342","303.6","24.6"
"333",14,"Donald Parham Jr.",LAC,"TE39","189","356","295.6","32.9"
"334",14,"Miles Boykin",BAL,"WR111","269","379","322.8","23.0"
"335",14,"Will Dissly",SEA,"TE40","194","366","305.5","35.1"
"336",14,"Kalen Ballage",PIT,"RB92","188","388","324.0","33.5"
"337",14,"Demarcus Robinson",KC,"WR112","145","384","296.4","55.1"
"338",14,"Byron Pringle",KC,"WR113","148","384","283.1","59.2"
"339",14,"Justice Hill",BAL,"RB93","237","388","327.2","26.8"
"340",14,"Jordan Wilkins",IND,"RB94","245","373","324.8","28.0"
"341",14,"Pat Freiermuth",PIT,"TE41","141","370","292.6","48.4"
"342",14,"Adrian Peterson",DET,"RB95","186","393","323.7","38.3"
"343",14,"Brian Hill",TEN,"RB96","182","380","333.2","28.4"
"344",14,"Eno Benjamin",ARI,"RB97","235","382","333.1","23.8"
"345",14,"Jermar Jefferson",DET,"RB98","187","378","313.3","40.7"
"346",14,"Houston Texans",HOU,"DST29","201","355","314.2","23.0"
"347",14,"Dan Bailey",FA,"K29","233","325","287.2","26.4"
"348",14,"Andy Dalton",CHI,"QB38","232","393","339.1","32.9"
"349",14,"John Ross",NYG,"WR114","263","395","327.3","27.2"
"350",14,"Elijah Mitchell",SF,"RB99","181","376","279.6","61.2"
"351",14,"Olamide Zaccheaus",ATL,"WR115","159","378","280.0","59.7"
"352",14,"C.J. Uzomah",CIN,"TE42","136","381","290.5","49.6"
"353",14,"Harrison Bryant",CLE,"TE43","208","373","314.1","34.2"
"354",14,"Cody Parkey",CLE,"K30","204","347","307.4","27.1"
"355",14,"Lynn Bowden Jr.",MIA,"WR116","205","391","309.4","41.9"
"356",14,"Chris Thompson",JAC,"RB100","264","360","330.7","14.1"
"357",14,"David Njoku",CLE,"TE44","236","391","321.3","34.1"
"358",14,"Tyler Eifert",JAC,"TE45","232","368","307.8","31.1"
"359",14,"Josh Palmer",LAC,"WR117","178","385","308.4","54.4"
"360",14,"Drew Sample",CIN,"TE46","220","374","313.6","42.5"
"361",14,"Chris Evans",CIN,"RB101","177","386","277.5","56.2"
"362",14,"Golden Tate",FA,"WR118","210","390","300.8","49.4"
"363",14,"Larry Rountree III",LAC,"RB102","134","377","298.3","59.1"
"364",14,"Sam Sloman",PIT,"K31","268","342","318.0","13.2"
"365",14,"Jalen Guyton",LAC,"WR119","193","383","312.9","46.6"
"366",14,"Albert Okwuegbunam",DEN,"TE47","158","383","308.1","45.0"
"367",14,"Steven Sims Jr.",WAS,"WR120","243","378","315.1","31.2"
"368",14,"Cordarrelle Patterson",ATL,"WR121","166","378","319.2","46.7"
"369",14,"Randy Bullock",DET,"K32","171","353","323.4","19.1"
"370",14,"Peyton Barber",WAS,"RB103","264","382","344.0","22.8"
"371",14,"Mike Boone",DEN,"RB104","199","386","323.1","45.8"
"372",14,"Marquez Callaway",NO,"WR122","210","384","290.2","44.7"
"373",14,"Qadree Ollison",ATL,"RB105","179","386","277.8","58.8"
"374",14,"Dez Fitzpatrick",TEN,"WR123","178","346","302.1","39.5"
"375",14,"Detroit Lions",DET,"DST30","152","355","326.3","17.4"
"376",14,"Dede Westbrook",JAC,"WR124","283","373","323.7","26.8"
"377",14,"Tutu Atwell",LAR,"WR125","222","396","327.3","38.8"
"378",14,"Ryquell Armstead",NYG,"RB106","269","360","330.0","12.9"
"379",14,"Bryce Love",WAS,"RB107","294","366","327.5","14.9"
"380",14,"Las Vegas Raiders",LV,"DST31","159","355","330.9","21.2"
"381",14,"Danny Amendola",DET,"WR126","265","369","323.6","29.0"
"382",14,"Tyler Johnson",TB,"WR127","246","378","332.7","40.0"
"383",14,"Larry Fitzgerald",ARI,"WR128","247","396","327.2","31.6"
"384",14,"Jordan Love",GB,"QB39","154","397","336.8","45.9"
"385",14,"Tylan Wallace",BAL,"WR129","244","379","333.8","32.3"
"386",15,"Cornell Powell",KC,"WR130","207","396","317.2","52.7"
"387",15,"Brevin Jordan",HOU,"TE48","259","376","335.4","32.1"
"388",15,"Royce Freeman",DEN,"RB108","316","387","345.6","16.1"
"389",15,"Cameron Brate",TB,"TE49","282","376","336.1","18.7"
"390",15,"Antonio Gandy-Golden",WAS,"WR131","295","371","342.3","20.5"
"391",15,"Tyler Conklin",MIN,"TE50","230","394","318.3","40.1"
"392",15,"Kylin Hill",GB,"RB109","217","382","324.1","39.6"
"393",15,"Collin Johnson",JAC,"WR132","198","383","332.1","35.9"
"394",15,"Jacob Hollister",BUF,"TE51","181","389","329.0","37.8"
"395",15,"Cincinnati Bengals",CIN,"DST32","140","355","332.9","16.7"
"396",15,"Jalen Hurd",SF,"WR133","216","373","327.8","46.6"
"397",15,"Khalil Herbert",CHI,"RB110","237","376","323.6","31.7"
"398",15,"Devin Duvernay",BAL,"WR134","189","392","340.2","39.3"
"399",15,"Greg Joseph",MIN,"K33","252","353","313.5","23.3"
"400",15,"Nick Folk",NE,"K34","179","351","314.2","26.9"
"401",15,"Tucker McCann",TEN,"K35","221","324","303.2","17.6"
"402",15,"Chris Conley",HOU,"WR135","242","372","313.0","43.5"
"403",15,"Devine Ozigbo",JAC,"RB111","306","380","348.8","21.2"
"404",15,"Evan McPherson",CIN,"K36","216","353","305.3","42.2"
"405",15,"Adam Humphries",WAS,"WR136","188","369","322.3","33.7"
"406",15,"Auden Tate",CIN,"WR137","240","389","316.6","39.6"
"407",15,"Deonte Harris",NO,"WR138","238","376","318.6","56.6"
"408",15,"Alshon Jeffery",FA,"WR139","293","378","337.4","23.7"
"409",15,"Davis Mills",HOU,"QB40","275","385","341.7","28.6"
"410",15,"Frank Gore",NYJ,"RB112","275","382","352.3","24.2"
"411",15,"Hunter Long",MIA,"TE52","299","383","342.0","22.5"
"412",15,"Dare Ogunbowale",JAC,"RB113","321","390","355.3","18.0"
"413",15,"Alex Collins",SEA,"RB114","199","377","267.6","58.9"
"414",15,"James O'Shaughnessy",JAC,"TE53","272","370","316.8","29.1"
"415",15,"Mitchell Trubisky",BUF,"QB41","241","397","362.1","22.5"
"416",15,"Cam Sims",WAS,"WR140","174","384","345.6","45.9"
"417",15,"Kyle Juszczyk",SF,"RB115","188","374","302.5","59.3"
"418",15,"David Moore",CAR,"WR141","231","389","317.1","55.2"
"419",15,"LeSean McCoy",TB,"RB116","321","384","350.9","20.8"
"420",15,"Tim Tebow",JAC,"TE54","133","348","258.3","78.2"
"421",15,"Gerrid Doaks",MIA,"RB117","237","362","318.3","37.2"
"422",15,"Anthony Schwartz",CLE,"WR142","290","390","351.5","30.1"
"423",15,"Jacob Harris",LAR,"TE55","212","292","259.0","34.1"
"424",15,"Gardner Minshew II",JAC,"QB42","167","387","359.9","17.8"
"425",15,"Geoff Swaim",TEN,"TE56","294","382","349.9","17.0"
"426",15,"Noah Gray",KC,"TE57","191","325","244.3","58.0"
"427",15,"Sam Ficken",NYJ,"K37","277","353","322.0","15.6"
"428",15,"Dazz Newsome",CHI,"WR143","285","379","334.9","30.5"
"429",15,"Foster Moreau",LV,"TE58","305","391","358.3","16.7"
"430",15,"Darwin Thompson",KC,"RB118","277","362","317.4","26.5"
"431",15,"Brycen Hopkins",LAR,"TE59","282","389","359.6","16.2"
"432",15,"Taylor Heinicke",WAS,"QB43","302","391","359.6","25.3"
"433",15,"JaMycal Hasty",SF,"RB119","173","368","305.3","78.4"
"434",15,"Richie James Jr.",SF,"WR144","262","396","351.8","36.3"
"435",15,"Pooka Williams Jr.",CIN,"RB120","227","359","280.7","56.6"
"436",15,"Maxx Williams",ARI,"TE60","180","366","328.6","28.4"
"437",15,"Devin Funchess",GB,"WR145","223","385","283.7","72.1"
"438",15,"Ryan Griffin",NYJ,"TE61","305","376","356.4","11.2"
"439",15,"Jaylen Samuels",PIT,"RB121","313","352","333.0","12.8"
"440",15,"Ty Montgomery",NO,"RB122","289","396","339.2","38.0"
"441",15,"Stevie Scott III",NO,"RB123","315","379","339.6","24.9"
"442",15,"Trayveon Williams",CIN,"RB124","284","364","339.8","25.3"
"443",15,"Richard Rodgers",PHI,"TE62","230","382","341.6","57.9"
"444",15,"Kene Nwangwu",MIN,"RB125","306","392","358.3","23.4"
"445",15,"Travis Homer",SEA,"RB126","264","388","342.6","45.7"
"446",15,"D'Onta Foreman",TEN,"RB127","272","329","306.0","24.5"
"447",15,"Trenton Cannon",CAR,"RB128","199","322","260.5","61.5"
"448",15,"Kenny Stills",BUF,"WR146","301","386","352.5","23.1"
"449",15,"Jeremy McNichols",TEN,"RB129","255","392","333.3","50.7"
"450",15,"Jaret Patterson",WAS,"RB130","186","376","356.7","21.2"
"451",15,"Olabisi Johnson",MIN,"WR147","262","379","336.3","46.5"
"452",15,"Tommy Tremble",CAR,"TE63","142","374","348.6","19.1"
"453",16,"Alec Ingold",LV,"RB131","274","283","278.5","4.5"
"454",16,"Kelvin Harmon",WAS,"WR148","261","389","320.7","52.6"
"455",16,"Mohamed Sanu",SF,"WR149","270","384","321.7","47.1"
"456",16,"Ihmir Smith-Marsette",MIN,"WR150","184","384","352.2","30.4"
"457",16,"C.J. Ham",MIN,"RB132","286","393","322.7","49.8"
"458",16,"Jace Sternberger",GB,"TE64","294","394","366.1","19.0"
"459",16,"Patrick Ricard",BAL,"RB133","267","310","288.5","21.5"
"460",16,"Kahale Warring",HOU,"TE65","342","400","371.0","17.4"
"461",16,"Isaiah McKenzie",BUF,"WR151","301","359","331.0","23.7"
"462",16,"Willie Snead IV",LV,"WR152","293","378","359.0","17.4"
"463",16,"Jaelon Darden",TB,"WR153","307","358","333.7","20.9"
"464",16,"Tyler Kroft",NYJ,"TE66","305","387","350.0","30.5"
"465",16,"Tamorrion Terry",SEA,"WR154","298","373","351.5","31.0"
"466",16,"Kenny Yeboah",NYJ,"TE67","267","353","310.0","43.0"
"467",16,"Ameer Abdullah",MIN,"RB134","313","397","354.5","40.0"
"468",16,"Marcus Mariota",LV,"QB44","314","387","354.5","28.9"
"469",16,"Dion Lewis",NYG,"RB135","330","390","363.8","19.7"
"470",16,"Jakob Johnson",NE,"RB136","295","331","313.0","18.0"
"471",16,"Frank Darby",ATL,"WR155","280","377","341.7","43.8"
"472",16,"Darren Fells",DET,"TE68","305","391","370.2","15.3"
"473",16,"Trey Burton",IND,"TE69","325","394","365.6","23.6"
"474",16,"Sage Surratt",DET,"WR156","268","368","318.0","50.0"
"475",16,"Isaiah Coulter",HOU,"WR157","286","398","352.3","48.0"
"476",16,"Nick Boyle",BAL,"TE70","349","374","363.8","9.8"
"477",16,"Kylen Granson",IND,"TE71","346","391","375.2","14.0"
"478",16,"Adam Shaheen",MIA,"TE72","326","334","330.0","4.0"
"479",16,"Josh Oliver",BAL,"TE73","349","381","371.0","8.7"
"480",16,"Nick Vannett",NO,"TE74","305","363","334.0","29.0"
"481",16,"Devonta Freeman",BUF,"RB137","357","395","373.2","15.2"
"482",16,"Chad Beebe",MIN,"WR158","351","401","368.3","20.2"
"483",16,"Andrew Jacas",SF,"K38","339","346","342.5","3.5"
"484",16,"Shi Smith",CAR,"WR159","328","386","361.0","24.3"
"485",16,"Alex Armah",NO,"RB138","337","351","344.0","7.0"
"486",16,"Jacoby Brissett",MIA,"QB45","316","391","364.7","34.5"
"487",16,"Hunter Bryant",DET,"TE75","346","402","366.0","25.5"
"488",16,"Gary Brightwell",NYG,"RB139","337","380","365.7","20.3"
"489",16,"Michael Burton",KC,"RB140","333","368","350.5","17.5"
"490",16,"Damiere Byrd",CHI,"WR160","357","377","369.0","8.6"
"491",16,"Cedrick Wilson",DAL,"WR161","364","377","370.7","5.3"
"492",16,"Demetric Felton",CLE,"WR162","333","405","373.0","29.9"
"493",16,"Albert Wilson",MIA,"WR163","320","395","357.5","37.5"
"494",16,"Phillip Walker",CAR,"QB46","343","380","361.5","18.5"
"495",16,"Freddie Swain",SEA,"WR164","350","399","374.7","20.0"
"496",16,"Quez Watkins",PHI,"WR165","349","404","381.8","20.3"
"497",16,"Trey Ragas",LV,"RB141","365","388","374.7","9.7"
"498",16,"Ross Dwelley",SF,"TE76","350","381","365.5","15.5"
"499",16,"Blake Bell",KC,"TE77","360","389","376.7","12.2"
"500",16,"Marquez Stevenson",BUF,"WR166","365","406","382.7","17.2"
"501",16,"Josiah Deguara",GB,"TE78","363","391","380.7","12.6"
"502",16,"J.J. Arcega-Whiteside",PHI,"WR167","349","403","376.0","27.0"
"503",16,"Seth Williams",DEN,"WR168","369","380","374.5","5.5"
"504",16,"Braxton Berrios",NYJ,"WR169","360","390","375.0","15.0"
"505",16,"D'Ernest Johnson",CLE,"RB142","365","387","376.0","11.0"
"506",16,"Phillip Dorsett II",JAC,"WR170","370","390","380.0","10.0"
"507",16,"Kyle Allen",WAS,"QB47","374","387","380.5","6.5"
"508",16,"Rodney Smith",CAR,"RB143","386","386","386.0","0.0"
"509",16,"Jake Funk",LAR,"RB144","380","393","386.5","6.5"